RT @mochiipanko: Hello hello I´m Liya, a chinese interior architecture student based in Germany! I´d love to work more with illustrations i…hello twitter ! one more yet interesting page for my ilayathalapathy updates and news ! Hello Twitter!… https://t.co/aIABfsM2GqRT @BlondFurredMilf: ''Oh my hello there how are you today?''   
~Selective &amp; Literate
~Zero Limits &amp; Any Roleplay    
~Submissive    
~Shi…hello, it's been awhile. we will miss you Tito Deck!!! May you rest in peace. Di ko pa sin matanggapRT @onlyjaeyong: t: hi hi~
k: hi hi~
lc: hello~
ten: you ask me where are we?
*after some time
jw: hi hi~

AH FOREIGN SWAGGERS ASIAN VERSIO…RT @fIymarks: monsta x

“hello we are monsta x” + changkyun saying “we love you” https://t.co/0y4DNXNOQk@@leahtysonbvyf81 hello dearhello guys!! I’m looking for people to perform at a charity event on the 30th of June!! anything interesting; singi… https://t.co/jRZcXaft6qRT @sarahchad_: @realDonaldTrump hello I’m the 16 year old girl who tweeted you that I didn’t want your condolences, I wanted gun control,…When you see someone on the street that you have on Instagram or something do feel mad awkward thinking whether to say hello or not@WargullDeDragon hello.... it is iI'm live hello hi, yeah let's go

https://t.co/WZH7A53qnqhello to u myself, its time to sleephello@timmynthnblg hello, we can help with the essay. Kindly dm to get in touch with our support staff.Oh hello : ) https://t.co/qqCQQ1kR4ORT @sarahchad_: @realDonaldTrump hello I’m the 16 year old girl who tweeted you that I didn’t want your condolences, I wanted gun control,…RT @mochiipanko: Hello hello I´m Liya, a chinese interior architecture student based in Germany! I´d love to work more with illustrations i…@celeb_addict355 helloRT @sarahchad_: @realDonaldTrump hello I’m the 16 year old girl who tweeted you that I didn’t want your condolences, I wanted gun control,…*in a few days i’ll be back to my first job* *fan girling* hi hello hey @5SOSRT @such_A_frknlady: hello. neuroscientist here. this is dangerously inaccurate. good day. https://t.co/MJ2u7ltHIyOh hello there. https://t.co/sKkUNJ03EcRT @AnnaTaughtYou: Good morning starshine, the earth says hello!!RT @unspokenpastel: hello i’m sad inside5 new unfollowers and 11 new followers (hello! hello!) in the last week. Via https://t.co/DzAR67g3y3RT @mochiipanko: Hello hello I´m Liya, a chinese interior architecture student based in Germany! I´d love to work more with illustrations i…hello twitter ! one more yet interesting page for my ilayathalapathy updates and news ! Hello Twitter!… https://t.co/aIABfsM2GqRT @BlondFurredMilf: ''Oh my hello there how are you today?''   
~Selective &amp; Literate
~Zero Limits &amp; Any Roleplay    
~Submissive    
~Shi…hello, it's been awhile. we will miss you Tito Deck!!! May you rest in peace. Di ko pa sin matanggapRT @onlyjaeyong: t: hi hi~
k: hi hi~
lc: hello~
ten: you ask me where are we?
*after some time
jw: hi hi~

AH FOREIGN SWAGGERS ASIAN VERSIO…RT @fIymarks: monsta x

“hello we are monsta x” + changkyun saying “we love you” https://t.co/0y4DNXNOQk@@leahtysonbvyf81 hello dearhello guys!! I’m looking for people to perform at a charity event on the 30th of June!! anything interesting; singi… https://t.co/jRZcXaft6qRT @sarahchad_: @realDonaldTrump hello I’m the 16 year old girl who tweeted you that I didn’t want your condolences, I wanted gun control,…When you see someone on the street that you have on Instagram or something do feel mad awkward thinking whether to say hello or not@WargullDeDragon hello.... it is iI'm live hello hi, yeah let's go

https://t.co/WZH7A53qnqhello to u myself, its time to sleephello@timmynthnblg hello, we can help with the essay. Kindly dm to get in touch with our support staff.Oh hello : ) https://t.co/qqCQQ1kR4ORT @sarahchad_: @realDonaldTrump hello I’m the 16 year old girl who tweeted you that I didn’t want your condolences, I wanted gun control,…RT @mochiipanko: Hello hello I´m Liya, a chinese interior architecture student based in Germany! I´d love to work more with illustrations i…@celeb_addict355 helloRT @sarahchad_: @realDonaldTrump hello I’m the 16 year old girl who tweeted you that I didn’t want your condolences, I wanted gun control,…*in a few days i’ll be back to my first job* *fan girling* hi hello hey @5SOSRT @such_A_frknlady: hello. neuroscientist here. this is dangerously inaccurate. good day. https://t.co/MJ2u7ltHIyOh hello there. https://t.co/sKkUNJ03EcRT @AnnaTaughtYou: Good morning starshine, the earth says hello!!RT @unspokenpastel: hello i’m sad inside5 new unfollowers and 11 new followers (hello! hello!) in the last week. Via https://t.co/DzAR67g3y3RT @mochiipanko: Hello hello I´m Liya, a chinese interior architecture student based in Germany! I´d love to work more with illustrations i…hello twitter ! one more yet interesting page for my ilayathalapathy updates and news ! Hello Twitter!… https://t.co/aIABfsM2GqRT @BlondFurredMilf: ''Oh my hello there how are you today?''   
~Selective &amp; Literate
~Zero Limits &amp; Any Roleplay    
~Submissive    
~Shi…hello, it's been awhile. we will miss you Tito Deck!!! May you rest in peace. Di ko pa sin matanggapRT @onlyjaeyong: t: hi hi~
k: hi hi~
lc: hello~
ten: you ask me where are we?
*after some time
jw: hi hi~

AH FOREIGN SWAGGERS ASIAN VERSIO…RT @fIymarks: monsta x

“hello we are monsta x” + changkyun saying “we love you” https://t.co/0y4DNXNOQk@@leahtysonbvyf81 hello dearhello guys!! I’m looking for people to perform at a charity event on the 30th of June!! anything interesting; singi… https://t.co/jRZcXaft6qRT @sarahchad_: @realDonaldTrump hello I’m the 16 year old girl who tweeted you that I didn’t want your condolences, I wanted gun control,…When you see someone on the street that you have on Instagram or something do feel mad awkward thinking whether to say hello or not@WargullDeDragon hello.... it is iI'm live hello hi, yeah let's go

https://t.co/WZH7A53qnqhello to u myself, its time to sleephello@timmynthnblg hello, we can help with the essay. Kindly dm to get in touch with our support staff.Oh hello : ) https://t.co/qqCQQ1kR4ORT @sarahchad_: @realDonaldTrump hello I’m the 16 year old girl who tweeted you that I didn’t want your condolences, I wanted gun control,…RT @mochiipanko: Hello hello I´m Liya, a chinese interior architecture student based in Germany! I´d love to work more with illustrations i…@celeb_addict355 helloRT @sarahchad_: @realDonaldTrump hello I’m the 16 year old girl who tweeted you that I didn’t want your condolences, I wanted gun control,…*in a few days i’ll be back to my first job* *fan girling* hi hello hey @5SOSRT @such_A_frknlady: hello. neuroscientist here. this is dangerously inaccurate. good day. https://t.co/MJ2u7ltHIyOh hello there. https://t.co/sKkUNJ03EcRT @AnnaTaughtYou: Good morning starshine, the earth says hello!!RT @unspokenpastel: hello i’m sad inside5 new unfollowers and 11 new followers (hello! hello!) in the last week. Via https://t.co/DzAR67g3y3RT @mochiipanko: Hello hello I´m Liya, a chinese interior architecture student based in Germany! I´d love to work more with illustrations i…hello twitter ! one more yet interesting page for my ilayathalapathy updates and news ! Hello Twitter!… https://t.co/aIABfsM2GqRT @BlondFurredMilf: ''Oh my hello there how are you today?''   
~Selective &amp; Literate
~Zero Limits &amp; Any Roleplay    
~Submissive    
~Shi…hello, it's been awhile. we will miss you Tito Deck!!! May you rest in peace. Di ko pa sin matanggapRT @onlyjaeyong: t: hi hi~
k: hi hi~
lc: hello~
ten: you ask me where are we?
*after some time
jw: hi hi~

AH FOREIGN SWAGGERS ASIAN VERSIO…RT @fIymarks: monsta x

“hello we are monsta x” + changkyun saying “we love you” https://t.co/0y4DNXNOQk@@leahtysonbvyf81 hello dearhello guys!! I’m looking for people to perform at a charity event on the 30th of June!! anything interesting; singi… https://t.co/jRZcXaft6qRT @sarahchad_: @realDonaldTrump hello I’m the 16 year old girl who tweeted you that I didn’t want your condolences, I wanted gun control,…When you see someone on the street that you have on Instagram or something do feel mad awkward thinking whether to say hello or not@WargullDeDragon hello.... it is iI'm live hello hi, yeah let's go

https://t.co/WZH7A53qnqhello to u myself, its time to sleephello@timmynthnblg hello, we can help with the essay. Kindly dm to get in touch with our support staff.Oh hello : ) https://t.co/qqCQQ1kR4ORT @sarahchad_: @realDonaldTrump hello I’m the 16 year old girl who tweeted you that I didn’t want your condolences, I wanted gun control,…RT @mochiipanko: Hello hello I´m Liya, a chinese interior architecture student based in Germany! I´d love to work more with illustrations i…@celeb_addict355 helloRT @sarahchad_: @realDonaldTrump hello I’m the 16 year old girl who tweeted you that I didn’t want your condolences, I wanted gun control,…*in a few days i’ll be back to my first job* *fan girling* hi hello hey @5SOSRT @such_A_frknlady: hello. neuroscientist here. this is dangerously inaccurate. good day. https://t.co/MJ2u7ltHIyOh hello there. https://t.co/sKkUNJ03EcRT @AnnaTaughtYou: Good morning starshine, the earth says hello!!RT @unspokenpastel: hello i’m sad inside5 new unfollowers and 11 new followers (hello! hello!) in the last week. Via https://t.co/DzAR67g3y3